{
  "Component.js": 1691476164331,
  "controller/App.controller.js": 1691475970256,
  "model/models.js": 1691475970252,
  "controller/View2.controller.js": 1691476331898,
  "controller/View1.controller.js": 1691476322106,
  "manifest.json": 1691478675303,
  "i18n/i18n.properties": 1691475970248,
  "Component-preload.js": 1691478675585,
  "model/models-dbg.js": 1691475970252,
  "controller/View2-dbg.controller.js": 1691476331898,
  "controller/View1-dbg.controller.js": 1691476322106,
  "controller/App-dbg.controller.js": 1691475970256,
  "Component-dbg.js": 1691476164331,
  "view/treeTable.fragment.xml": 1691476259086,
  "view/suggest.fragment.xml": 1691476247122,
  "view/order.fragment.xml": 1691476237022,
  "view/option.fragment.xml": 1691476225290,
  "view/create.fragment.xml": 1691476215555,
  "view/View2.view.xml": 1691476188727,
  "view/View1.view.xml": 1691476201479,
  "view/App.view.xml": 1691476726507,
  "css/style.css": 1691476274910,
  "index.html": 1691476926094
}