{
  "view/DatePicker.fragment.xml": 1691392244903,
  "manifest.json": 1691478672598,
  "model/models.js": 1691304664682,
  "controller/View1.controller.js": 1691475364368,
  "controller/App.controller.js": 1691304664682,
  "Component.js": 1691304664674,
  "Component-preload.js": 1691478672795,
  "Component-dbg.js": 1691304664674,
  "controller/View1-dbg.controller.js": 1691475364368,
  "controller/App-dbg.controller.js": 1691304664682,
  "model/models-dbg.js": 1691304664682,
  "view/uniqueid.fragment.xml": 1691304973588,
  "view/suggest.fragment.xml": 1691304996584,
  "view/order.fragment.xml": 1691305008696,
  "view/View1.view.xml": 1691405846691,
  "i18n/i18n.properties": 1691304664678,
  "view/App.view.xml": 1691304664686,
  "css/style.css": 1691404765695,
  "index.html": 1691476974090
}